UID,Name,Details,Status,RelavantLink_1,RelavantLink_2,RelevantLink_3,Census_tract,island,Priority_1_Cesspool_Count,Priority_2_Cesspool_Count,Priority_3_Cesspool_Count,Total_Cesspools,W_in_2_miles_service_area,WWTP_Capacity,WWTP_1_Name,WWTP_2_Name,Total_N_load_kg_yr,Flow_rt,Cost_symbol,Collection_Length_ft,Conveyance_Length_ft,New_WWTP_Needed,WWTP_Upgrade_Needed,Neighborhood_Pump_Stations,Regional_Pump_Stations
H-1,Pahala,"Construction has been started on this project. A Notice to Proceed for the construction of the Pāhala Wastewater Treatment Plant was issued on March 6, 2026. 
See relevant document(s) below.",Planned or Underway (P),https://go.hawaii.edu/mXi,,,Kau,Hawaii,0,0,58,58,"Yes, County",Limited Capacity,Pahala WWTP,,2204,26100,(4) - $$$$,10711,222,Y,N,0,0
H-10,Wainaku,"This project area is within 2 miles of the existing municipal Hilo wastewater service area. There are currently no Hawaiʻi County plans to extend service to this area. However, the Hilo WWTP may have limited available capacity to serve all or part of the project area, depending on how capacity is allocated among future connections in surrounding areas.
See relevant document(s) below.",No Active Plans (N),https://go.hawaii.edu/XXi,,,Hilo: Upper Waiakea Forest Reserve,Hawaii,0,0,166,166,"Yes, County",Limited Capacity,Hilo WWTP,,6308,74700,(3) - $$$,9198,2232,N,N,4,2
H-11,Kaūmana,"This project area is within 2 miles of the existing municipal Hilo wastewater service area. There are currently no Hawaiʻi County plans to extend service to this area. However, the Hilo WWTP may have limited available capacity to serve all or part of the project area, depending on how capacity is allocated among future connections in surrounding areas.
See relevant document(s) below.",No Active Plans (N),https://go.hawaii.edu/XXi,,,Hilo: Kahuku-Kaumana,Hawaii,0,0,305,305,"Yes, County",Limited Capacity,Hilo WWTP,,11590,137250,(4) - $$$$,31372,5280,N,N,6,2
H-12,West Hilo,"This project area is within 2 miles of the existing municipal Hilo wastewater service area. There are currently no Hawaiʻi County plans to extend service to this area. However, the Hilo WWTP may have limited available capacity to serve all or part of the project area, depending on how capacity is allocated among future connections in surrounding areas.
See relevant document(s) below.",No Active Plans (N),https://go.hawaii.edu/XXi,,,Hilo:  Piihonua-Kaumana,Hawaii,0,0,1919,1919,"Yes, County",Limited Capacity,Hilo WWTP,,72922,863550,(3) - $$$,150479,108,N,N,29,10
H-13,Hilo,"This project area is within 2 miles of the existing municipal Hilo wastewater service area. There are currently no Hawaiʻi County plans to extend service to this area. However, the Hilo WWTP may have limited available capacity to serve all or part of the project area, depending on how capacity is allocated among future connections in surrounding areas.
See relevant document(s) below.",No Active Plans (N),https://go.hawaii.edu/XXi,,,Hilo:  Villa Franca-Kaikoo,Hawaii,0,198,0,198,"Yes, County",Limited Capacity,Hilo WWTP,,7524,89100,(3) - $$$,15092,1046,N,N,3,1
H-14,South Hilo,"This project area is within 2 miles of the existing municipal Hilo wastewater service area. There are currently no Hawaiʻi County plans to extend service to this area. However, the Hilo WWTP may have limited available capacity to serve all or part of the project area, depending on how capacity is allocated among future connections in surrounding areas.
See relevant document(s) below.",No Active Plans (N),https://go.hawaii.edu/XXi,,,Hilo:  Puainako,Hawaii,0,737,4469,5206,"Yes, County",Limited Capacity,Hilo WWTP,,197828,2342700,(3) - $$$,421364,1941,N,N,64,23
H-15,Keaukaha,"This project area is within 2 miles of the existing municipal Hilo wastewater service area. There are currently no Hawaiʻi County plans to extend service to this area. However, the Hilo WWTP may have limited available capacity to serve all or part of the project area, depending on how capacity is allocated among future connections in surrounding areas.
See relevant document(s) below.",No Active Plans (N),https://go.hawaii.edu/XXi,,,Hilo: Keaukaha-Panaewa,Hawaii,0,189,0,189,"Yes, County",Limited Capacity,Hilo WWTP,,7182,85050,(3) - $$$,19051,501,N,N,0,0
H-16,Kuakini Heights,"This project area is within 2 miles of the existing municipal Kealakehe wastewater service area and a private wastewater service area. There are currently no Hawaiʻi County or private-sector plans to extend wastewater service to this area. However, the Kealakehe WWTP may have limited available capacity to serve all or part of the project area, depending on how capacity is allocated among future connections in surrounding areas.
See relevant document(s) below.",No Active Plans (N),https://go.hawaii.edu/XXi,,,Kahalu'u Mauka,Hawaii,0,148,0,148,"Yes, County",Limited Capacity,Kealakehe,,5624,66600,(3) - $$$,8270,2685,N,N,1,1
H-17,Holualoa,"This project area is within 2 miles of the existing municipal Kealakehe wastewater service area and a private wastewater service area. There are currently no Hawaiʻi County or private-sector plans to extend wastewater service to this area. However, the Kealakehe WWTP may have limited available capacity to serve all or part of the project area, depending on how capacity is allocated among future connections in surrounding areas.
See relevant document(s) below.",No Active Plans (N),https://go.hawaii.edu/XXi,,,Holualoa,Hawaii,1543,5,1,1549,"Yes, County",Limited Capacity,Kealakehe,,58862,697050,(3) - $$$,105384,461,N,N,19,7
H-18,Hawaiian Beaches,"This project area is not within 2 miles of an existing wastewater service area but has been identified in the Puna Wastewater Facilities Plan as a potential project area.
See relevant document(s) below.",Under Evaluation (E),https://go.hawaii.edu/2Xi,,,Pahoa-Makai,Hawaii,0,0,1152,1152,No,,,,43776,518400,(4) - $$$$,207532,5280,Y,N,18,6
H-19,Nanawele Estates,"This project area is not within 2 miles of an existing wastewater service area but has been identified in the Puna Wastewater Facilities Plan as a potential project area.
See relevant document(s) below.",Under Evaluation (E),https://go.hawaii.edu/2Xi,,,Pahoa-Makai,Hawaii,0,0,213,213,No,,,,8094,95850,(5) - $$$$$,46665,5280,Y,N,5,2
H-2,Naalehu,"This project is in the planned or underway phase. The deadline to close the large capacity cesspools is December 31, 2027. An extension petition is pending County approval.
See relevant document(s) below.",Planned or Underway (P),https://go.hawaii.edu/iXr,,,Ka Lae,Hawaii,0,0,46,46,"Yes, County",Limited Capacity,Naalehu WWTP,,1748,20700,(5) - $$$$$,10050,215,Y,N,0,1
H-20,Seaview,"This area has no active plans for centralized municipal or private sewer.
See relevant document(s) below.",No Active Plans (N),https://go.hawaii.edu/iXk,,,Kalapana-Kapoho,Hawaii,0,0,187,187,No,,,,7106,84150,(5) - $$$$$,39803,5280,Y,N,4,1
H-21,Kehena,"This area has no active plans for centralized municipal or private sewer.
See relevant document(s) below.",No Active Plans (N),https://go.hawaii.edu/2Xi,,,Kalapana-Kapoho,Hawaii,0,0,44,44,No,,,,1672,19800,(5) - $$$$$,9795,5280,Y,N,2,1
H-22,Kaʻohe,"This area has no active plans for centralized municipal or private sewer.
See relevant document(s) below.",No Active Plans (N),,,,South Kona,Hawaii,0,0,120,120,No,,,,4560,54000,(5) - $$$$$,9503,5280,Y,N,3,1
H-23,Kīloa,"This area has no active plans for centralized municipal or private sewer.
See relevant document(s) below.",No Active Plans (N),https://go.hawaii.edu/XXi,,,Konawaena,Hawaii,0,0,187,187,No,,,,7106,84150,(4) - $$$$,13701,5280,Y,N,2,1
H-24,Captain Cook,"This area has no active plans for centralized municipal or private sewer.
See relevant document(s) below.",No Active Plans (N),https://go.hawaii.edu/XXi,,,Konawaena,Hawaii,0,0,110,110,No,,,,4180,49500,(5) - $$$$$,9760,5280,Y,N,2,1
H-25,Kealakekua,"This area has no active plans for centralized municipal or private sewer.
See relevant document(s) below.",No Active Plans (N),https://go.hawaii.edu/XXi,,,Konawaena,Hawaii,0,0,314,314,"Yes, Private",Unknown,Hokuli'a  WWTP,,11932,141300,(4) - $$$$,26331,8536,N,Y,5,2
H-26,Kalaoa,"This area has no active plans for centralized municipal or private sewer.
See relevant document(s) below.",No Active Plans (N),,,,Kalaoa,Hawaii,0,0,1616,1616,No,,,,61408,727200,(4) - $$$$,171498,5280,Y,N,39,14
H-27,Haiwi,"This area has no active plans for centralized municipal or private sewer.
See relevant document(s) below.",No Active Plans (N),https://go.hawaii.edu/XXi,,,North Kohala,Hawaii,0,0,331,331,No,,,,12578,148950,(4) - $$$$,27536,5280,Y,N,6,2
H-28,Kapaau,"This area has no active plans for centralized municipal or private sewer.
See relevant document(s) below.",No Active Plans (N),https://go.hawaii.edu/XXi,,,North Kohala,Hawaii,0,0,222,222,No,,,,8436,99900,(5) - $$$$$,17703,5280,Y,N,7,3
H-29,Puʻukapu Homesteads,"This project area has been identified as a potential project area in the Puakō and South Kohala Regional Wastewater Master Plan.
See relevant document(s) below.",Under Evaluation (E),,,,Waimea - Kohala,Hawaii,0,0,181,181,No,,,,6878,81450,(4) - $$$$,12403,5280,Y,N,1,1
H-3,Hillcrest,"This project area is within 2 miles of the existing municipal Kealakehe wastewater service area and a private wastewater service area. There are currently no Hawaiʻi County or private-sector plans to extend wastewater service to this area. However, the Kealakehe WWTP may have limited available capacity to serve all or part of the project area, depending on how capacity is allocated among future connections in surrounding areas.
See relevant document(s) below.",No Active Plans (N),https://go.hawaii.edu/XXi,,,Pua'a,Hawaii,88,0,0,88,"Yes, County",Limited Capacity,Kealakehe,,3344,39600,(3) - $$$,4238,354,N,N,2,1
H-30,Puʻukapu Homesteads East,"This project area has been identified as a potential project area in the Puakō and South Kohala Regional Wastewater Master Plan.
See relevant document(s) below.",Under Evaluation (E),,,,Waimea - Kohala,Hawaii,0,0,244,244,No,,,,9272,109800,(4) - $$$$,11486,5280,Y,N,1,0
H-31,Ola Mamalahoa Hwy West,"This project area has been identified as a potential project area in the Puakō and South Kohala Regional Wastewater Master Plan.
See relevant document(s) below.",Under Evaluation (E),,,,Waimea - Pu'u Anahulu,Hawaii,0,0,253,253,No,,,,9614,113850,(4) - $$$$,14756,5280,Y,N,2,1
H-32,Paauilo,"This area has no active plans for centralized municipal or private sewer.
See relevant document(s) below.",No Active Plans (N),https://go.hawaii.edu/XXi,,,Paauhau-Paauilo,Hawaii,0,0,139,139,No,,,,5282,62550,(5) - $$$$$,12083,5280,Y,N,3,1
H-33,Laupahoehoe,"This area has no active plans for centralized municipal or private sewer.
See relevant document(s) below.",No Active Plans (N),https://go.hawaii.edu/XXi,,,North Hilo,Hawaii,0,0,129,129,No,,,,4902,58050,(4) - $$$$,11624,5280,Y,N,1,0
H-34,Ponahawai,"This project area is within 2 miles of the existing municipal Hilo wastewater service area. There are currently no Hawaiʻi County plans to extend service to this area.
See relevant document(s) below.",No Active Plans (N),https://go.hawaii.edu/XXi,,,Hilo: Kahuku-Kaumana,Hawaii,0,0,129,129,No,,,,4902,58050,(5) - $$$$$,18542,5280,Y,N,0,0
H-35,Kaūmana Homesteads,"This project area is within 2 miles of the existing municipal Hilo wastewater service area. There are currently no Hawaiʻi County plans to extend service to this area.
See relevant document(s) below.",No Active Plans (N),https://go.hawaii.edu/XXi,,,Hilo: Kahuku-Kaumana,Hawaii,0,0,125,125,No,,,,4750,56250,(4) - $$$$,9423,5280,Y,N,1,0
H-36,Keaau,"This project area is not within 2 miles of an existing wastewater service area but has been identified in the Puna Wastewater Facilities Plan as a potential project area.
See relevant document(s) below.",Under Evaluation (E),https://go.hawaii.edu/2Xi,,,Keaau,Hawaii,0,0,188,188,No,,,,7144,84600,(5) - $$$$$,26054,5280,Y,N,6,2
H-37,Mountain View,"This project area is not within 2 miles of an existing wastewater service area but has been identified in the Puna Wastewater Facilities Plan as a potential project area.
See relevant document(s) below.",Under Evaluation (E),https://go.hawaii.edu/2Xi,,,Volcano-Mt. View,Hawaii,0,0,109,109,No,,,,4142,49050,(5) - $$$$$,16259,5280,Y,N,0,0
H-38,Tiki Gardens,"This project area is not within 2 miles of an existing wastewater service area but has been identified in the Puna Wastewater Facilities Plan as a potential project area.
See relevant document(s) below.",Under Evaluation (E),https://go.hawaii.edu/2Xi,,,Orchidland-Ainaloa,Hawaii,0,0,624,624,No,,,,23712,280800,(5) - $$$$$,130435,5280,Y,N,6,2
H-39,Waiʻaka,"This project area has been identified as a potential project area in the Puakō and South Kohala Regional Wastewater Master Plan.
See relevant document(s) below.",Under Evaluation (E),https://go.hawaii.edu/iXN,,,Waimea - Kohala,Hawaii,10,0,273,283,"Yes, Private",Unknown,"Waimea Wastewater Company, Inc.",,10754,127350,(5) - $$$$$,25633,11216,N,Y,5,2
H-4,Kailua-Kona,"This project area is within 2 miles of the existing municipal Kealakehe wastewater service area and a private wastewater service area. There are currently no Hawaiʻi County or private-sector plans to extend wastewater service to this area. However, the Kealakehe WWTP may have limited available capacity to serve all or part of the project area, depending on how capacity is allocated among future connections in surrounding areas.
See relevant document(s) below.",No Active Plans (N),https://go.hawaii.edu/XXi,,,Kailua,Hawaii,680,0,0,680,"Yes, County",Limited Capacity,Kealakehe,,25840,306000,(3) - $$$,46709,3783,N,N,13,5
H-40,Waimea,"This project area has been identified as a potential project area in the Puakō and South Kohala Regional Wastewater Master Plan.
See relevant document(s) below.",Under Evaluation (E),https://go.hawaii.edu/iXN,,,Waimea - Pu'u Anahulu,Hawaii,0,0,585,585,"Yes, Private",Unknown,"Waimea Wastewater Company, Inc.",,22230,263250,(4) - $$$$,69377,10,N,Y,9,3
H-41,East Waimea,"This project area has been identified as a potential project area in the Puakō and South Kohala Regional Wastewater Master Plan.
See relevant document(s) below.",Under Evaluation (E),https://go.hawaii.edu/iXN,,,Waimea - Kohala,Hawaii,0,0,225,225,"Yes, Private",Unknown,"Waimea Wastewater Company, Inc.",,8550,101250,(5) - $$$$$,28578,6343,N,Y,4,2
H-42,Puako,"Puako community is pursuing a sewer line connection to a nearby private treatment plant.
See relevant document(s) below.",Under Evaluation (E),https://go.hawaii.edu/iXD,,,Kawaihae - Anaeho'omalu,Hawaii,120,0,0,120,"Yes, Private",Unknown,Kalahuipua'a Lagoons WWTP,,4560,54000,(4) - $$$$,9898,6165,N,Y,0,0
H-5,Kealakehe HHL,"This project area is within 2 miles of the existing municipal Kealakehe wastewater service area and a private wastewater service area. There are currently no Hawaiʻi County or private-sector plans to extend wastewater service to this area. However, the Kealakehe WWTP may have limited available capacity to serve all or part of the project area, depending on how capacity is allocated among future connections in surrounding areas.
See relevant document(s) below.",No Active Plans (N),,,,Kealakehe,Hawaii,110,393,0,503,"Yes, County",Limited Capacity,Kealakehe,,19114,226350,(2) - $$,28341,32,N,N,7,3
H-6,Honokaa,"This project area is within 2 miles of the existing municipal Honokaʻa wastewater service area. There are currently no Hawaiʻi County plans to extend service to this area.  However, the Honokaa WWTP may have very limited available capacity for less than 200 homes with cesspools, depending on how capacity is allocated among future connections in surrounding areas.
See relevant document(s) below.",No Active Plans (N),https://go.hawaii.edu/XXi,,,Honokaa-Kukuihaele,Hawaii,0,0,631,631,"Yes, County",No,Honokaa WWTP,,23978,283950,(4) - $$$$,64567,15,N,Y,13,5
H-7,Paauhau,"This project area is within 2 miles of the existing municipal Honokaʻa wastewater service area. There are currently no Hawaiʻi County plans to extend service to this area.  However, the Honokaa WWTP may have very limited available capacity for less than 200 homes with cesspools, depending on how capacity is allocated among future connections in surrounding areas.
See relevant document(s) below.",No Active Plans (N),https://go.hawaii.edu/XXi,,,Paauhau-Paauilo,Hawaii,0,0,115,115,"Yes, County",Limited Capacity,Honokaa WWTP,,4370,51750,(5) - $$$$$,8387,11602,N,N,1,1
H-8,Honomu,"This project area is within 2 miles of the existing municipal Kulaimano wastewater service area. There are currently no Hawaiʻi County plans to extend service to this area. However, the Kulaimano WWTP may have limited available capacity to serve all or part of the project area, depending on how capacity is allocated among future connections in surrounding areas.
See relevant document(s) below.",No Active Plans (N),https://go.hawaii.edu/XXi,,,Paukaa-Wailea,Hawaii,0,0,202,202,"Yes, County",Limited Capacity,Kulaimano,,7676,90900,(4) - $$$$,13708,16335,N,N,1,1
H-9,Wainaku West,"This project area is within 2 miles of the existing municipal Hilo wastewater service area. There are currently no Hawaiʻi County plans to extend service to this area. However, the Hilo WWTP may have limited available capacity to serve all or part of the project area, depending on how capacity is allocated among future connections in surrounding areas.
See relevant document(s) below.",No Active Plans (N),https://go.hawaii.edu/XXi,,,Hilo: Upper Waiakea Forest Reserve,Hawaii,0,0,170,170,"Yes, County",Limited Capacity,Hilo WWTP,,6460,76500,(3) - $$$,10629,5731,N,N,0,0
K-1,Kekaha,"According to a 10/8/25 meeting with the Kauai Division of Wastewater Management, the county identifies this as one of the highest priority low hanging fruit areas. However, the current wastewater treatment plant lacks capacity and sits in a tsunami zone; relocation may be required.
See relevant document(s) below.",No Active Plans (N),https://go.hawaii.edu/sCm,,,Kekaha-Waimea,Kauai,890,0,0,890,"Yes, County",No,Waimea Wastewater Treatment Plant,,33820,400500,(4) - $$$$,69326,4507,N,Y,2,1
K-10,Puhi,"According to a 10/8/25 meeting with the Kauai Division of Wastewater Management, this area is within 2 miles of the county wastewater service area, but geographic boundaries prevent the expansion of county sewer service to this area. The project area is also within 2 miles of a private wastewater service area. 
See relevant document(s) below.",No Active Plans (N),https://go.hawaii.edu/sCm,https://go.hawaii.edu/9Xi,,Hanamaulu-Lower Puhi,Kauai,0,257,0,257,"Yes, Private",No,Lihue-Puhi Wastewater Facility,,9766,115650,(3) - $$$,15037,31,N,Y,3,1
K-11,Haena,"There are currently no plans for centralized sewer service; however, the area's density supports consideration of centralized wastewater infrastructure.
See relevant document(s) below.",No Active Plans (N),https://go.hawaii.edu/sCm,,,Haena-Hanalei,Kauai,122,0,0,122,No,,,,4636,54900,(4) - $$$$,10421,5280,Y,N,0,0
K-12,Kilauea,"There are currently no plans for centralized sewer service; however, the area's density supports consideration of centralized wastewater infrastructure.
See relevant document(s) below.",No Active Plans (N),https://go.hawaii.edu/sCm,https://go.hawaii.edu/iXc,,Kalihiwai-Kilauea,Kauai,0,0,572,572,No,,,,21736,257400,(4) - $$$$,37704,5280,Y,N,10,4
K-13,Kipuka St,"There are currently no known plans for centralized sewer service; however, the area's density supports consideration of centralized wastewater infrastructure.
See relevant document(s) below.",No Active Plans (N),https://go.hawaii.edu/sCm,,,Koloa-Poipu,Kauai,0,77,0,77,"Yes, Private",Yes,Poipu Wastewater Reclamation Facility,Hyatt Regency Kauai - Grand Hyatt,2926,34650,(3) - $$$,4300,1697,N,N,1,0
K-14,Hoona Rd,"There are currently no known plans for centralized sewer service; however, the area's density supports consideration of centralized wastewater infrastructure.
See relevant document(s) below.",No Active Plans (N),https://go.hawaii.edu/sCm,,,Omao-Kukuiula,Kauai,0,3,61,64,"Yes, Private",Yes,Poipu Wastewater Reclamation Facility,,2432,28800,(3) - $$$,4118,1907,N,N,0,0
K-15,Koloa,"There are currently no known plans for centralized sewer service; however, the area's density supports consideration of centralized wastewater infrastructure.
See relevant document(s) below.",No Active Plans (N),https://go.hawaii.edu/sCm,,,Koloa-Poipu,Kauai,0,343,5,348,"Yes, Private",Yes,Poipu Wastewater Reclamation Facility,,13224,156600,(3) - $$$,30338,402,N,N,3,1
K-16,Omao,"There are currently no plans for centralized sewer service; however, the area's density supports consideration of centralized wastewater infrastructure. Despite the project area's proximity to an existing private wastewater service area, its size and geographic boundaries indicate connection to this existing system may be infeasible. 
See relevant document(s) below.",No Active Plans (N),https://go.hawaii.edu/sCm,https://go.hawaii.edu/gXi,,Omao-Kukuiula,Kauai,0,0,231,231,"Yes, Private",Yes,Poipu Wastewater Reclamation Facility,,8778,103950,(4) - $$$$,13932,13997,N,N,4,2
K-17,Lawai,"There are currently no plans for centralized sewer service; however, the area's density supports consideration of centralized wastewater infrastructure. Despite the project area's proximity to an existing private wastewater service area, its size and geographic boundaries indicate connection to this existing system may be infeasible. 
See relevant document(s) below.",No Active Plans (N),https://go.hawaii.edu/sCm,https://go.hawaii.edu/gXi,,Omao-Kukuiula,Kauai,0,0,520,520,"Yes, Private",Yes,Poipu Wastewater Reclamation Facility,,19760,234000,(4) - $$$$,45021,16928,N,N,11,4
K-18,Anahola,"This project area is on DHHL Land and not in proximity to an exister centralized sewer system. There are historical documents that support feasibility of centralized treatment.
See relevant document(s) below.",No Active Plans (N),https://go.hawaii.edu/FFm,,,Anahola,Kauai,0,201,0,201,No,,,,7638,90450,(5) - $$$$$,24849,5280,Y,N,3,1
K-19,Kalaheo,"There are currently no plans for centralized sewer service; however, the area's density supports consideration of centralized wastewater infrastructure. Despite the project area's proximity to an existing private wastewater service area, its size and geographic boundaries indicate connection to this existing system may be infeasible. 
See relevant document(s) below.",No Active Plans (N),https://go.hawaii.edu/sCm,,,Kalaheo-Kalawai Park,Kauai,0,0,1325,1325,No,,,,50350,596250,(4) - $$$$,91850,5280,Y,N,29,10
K-2,Kapaa/Kawaihau,"According to a 10/8/25 meeting with the Kauai Division of Wastewater Management, the density of this area merits connection and could be technically feasible, but may not be economically feasible. The Wailua WWTP is in a tsunami zone and may be relocated before additional collection to this plant can be considered.
See relevant document(s) below.",No Active Plans (N),https://go.hawaii.edu/sCm,https://go.hawaii.edu/iX6,,Kapaa Town,Kauai,0,1793,0,1793,"Yes, County",No,Wailua WWTP,,68134,806850,(3) - $$$,102631,5,N,Y,25,9
K-20,Hanalei,"The Hanalei Initiative has completed a USDA-funded feasibility study evaluating area-wide wastewater options for Hanalei’s remaining cesspools and older septic systems. The effort has now moved into the next planning phase, with the Hanalei Initiative working with EPA to begin a Preliminary Engineering Report for a liquid pressure sewer system. According to a 10/8/25 meeting with the Kauai Division of Wastewater Management, there could be significant groundwater and shoreline constraints if there were to be a project in this area.
See relevant document(s) below.",Under Evaluation (E),https://go.hawaii.edu/sCm,https://www.hanaleiinitiative.org/water-quality,,Haena-Hanalei,Kauai,204,0,0,204,"Yes, Private",Unknown,Princeville Resort,,7752,91800,(4) - $$$$,17625,14181,N,Y,1,0
K-21,Hanapepe,"According to a 10/8/25 meeting with the Kauai Division of Wastewater Management, this area may be able to be connected to county sewer in the future, however, there are no current plans. 
See relevant document(s) below.",No Active Plans (N),,,,Kaumakani-Hanapepe,Kauai,0,0,339,339,"Yes, County",Yes,Eleele WWTP,,12882,152550,(1) - $,10287,91,N,N,1,0
K-3,Apopo Rd,"According to a 10/8/25 meeting with the Kauai Division of Wastewater Management, the density of this area merits connection and could be technically feasible, but may not be economically feasible. The Wailua WWTP is in a tsunami zone and may be relocated before additional collection to this plant can be considered.
See relevant document(s) below.",No Active Plans (N),https://go.hawaii.edu/sCm,https://go.hawaii.edu/iX6,,Kapahi,Kauai,0,55,0,55,"Yes, County",Yes,Wailua WWTP,,2090,24750,(4) - $$$$,4813,510,N,N,1,1
K-4,Kapaa,"According to a 10/8/25 meeting with the Kauai Division of Wastewater Management, the density of this area merits connection and could be technically feasible, but may not be economically feasible. The Wailua WWTP is in a tsunami zone and may be relocated before additional collection to this plant can be considered.
See relevant document(s) below.",No Active Plans (N),https://go.hawaii.edu/sCm,https://go.hawaii.edu/iX6,,Kapaa Town,Kauai,0,237,0,237,"Yes, County",Yes,Wailua WWTP,,9006,106650,(3) - $$$,25390,122,N,N,0,1
K-5,Wailua,"According to a 10/8/25 meeting with the Kauai Division of Wastewater Management, the density of this area merits connection. The Wailua WWTP is in a tsunami zone and may be relocated before additional collection to this plant can be considered.
See relevant document(s) below. ",No Active Plans (N),https://go.hawaii.edu/sCm,https://go.hawaii.edu/iX6,,Wailua Homesteads,Kauai,652,0,0,652,"Yes, County",Yes,Wailua WWTP,,24776,293400,(2) - $$,37299,347,N,N,8,3
K-6,Olohena,"According to a 10/8/25 meeting with the Kauai Division of Wastewater Management, this area may be feasible for a regional facility, however, there are no current plans. The closest existing plant: Wailua WWTP is in a tsunami zone and may be relocated before additional collection to this plant can be considered.
See relevant document(s) below.",No Active Plans (N),https://go.hawaii.edu/sCm,,,Wailua Homesteads,Kauai,149,36,0,185,"Yes, County",Yes,Wailua WWTP,,7030,83250,(4) - $$$$,11459,16732,N,N,2,1
K-7,Wailua Homesteads,"According to a 10/8/25 meeting with the Kauai Division of Wastewater Management, this area may be feasible for a regional facility, however, there are no current plans. The closest existing plant: Wailua WWTP is in a tsunami zone and may be relocated before additional collection to this plant can be considered.
See relevant document(s) below.",No Active Plans (N),https://go.hawaii.edu/sCm,,,Wailua Houselots,Kauai,325,584,0,909,"Yes, County",No,Wailua WWTP,,34542,409050,(4) - $$$$,56170,10378,N,Y,17,6
K-8,Lihue,"According to a 10/8/25 meeting with the Kauai Division of Wastewater Management, this area may be able to be connected to county sewer in the future, however, there are no current plans. 
See relevant document(s) below.",No Active Plans (N),https://go.hawaii.edu/sCm,,,Lihue,Kauai,0,70,0,70,"Yes, County & Private",No,Lihue Wastewater Treatment Plant,,2660,31500,(4) - $$$$,5009,258,N,Y,1,1
K-9,"Pua Loke, Ulu Mahi, Ulu Ko","According to a 10/8/25 meeting with the Kauai Division of Wastewater Management, this area is within 2 miles of the county wastewater service area, but geographic boundaries prevent the expansion of county sewer service to this area. The project area is also within 2 miles of the private Lihue-Puhi wastewater service area. 
See relevant document(s) below.",No Active Plans (N),https://go.hawaii.edu/sCm,,,Lihue,Kauai,0,348,0,348,"Yes, Private",Unknown,Lihue-Puhi Wastewater Facility,,13224,156600,(4) - $$$$,19580,88,N,Y,6,2
M-1,Waikapu,"Based on a March 2026 meeting with the Maui County Department of Environmental Management, there are two projects under design and planned for county sewer service in this area. A Maui County study will be conducted to determine additional capacity at the Wailuku-Kahului WWTP. A Central Maui Wastewater Reclamation Facility is also planned.
See relevant document(s) below.",Planned or Underway (P),https://go.hawaii.edu/mCw,https://go.hawaii.edu/iXi,,Waihee-Waikapu,Maui,0,125,0,125,"Yes, County",No,Wailuku-Kahului,,4750,56250,(3) - $$$,9630,45,N,Y,0,0
M-10,Haiku,"Based on an October 2025 meeting with the Maui County Department of Environmental Management, this area is low density and potentially suited only for decentralized or on-site systems
See relevant document(s) below.",No Active Plans (N),https://go.hawaii.edu/mCw,,,East Haiku,Maui,0,0,253,253,No,,,,9614,113850,(4) - $$$$,21695,5280,Y,N,1,1
M-11,East Haiku,"Based on an October 2025 meeting with the Maui County Department of Environmental Management, this area is low density and potentially suited only for decentralized or on-site systems
See relevant document(s) below.",No Active Plans (N),https://go.hawaii.edu/mCw,,,East Haiku,Maui,0,0,99,99,No,,,,3762,44550,(5) - $$$$$,7152,5280,Y,N,3,1
M-12,Hana,"This area is not in proximity to county or private systems and is potentially suited only for decentralized or on-site systems
See relevant document(s) below.",No Active Plans (N),https://go.hawaii.edu/mCw,,,Hana,Maui,0,0,108,108,No,,,,4104,48600,(5) - $$$$$,7462,5280,Y,N,2,1
M-13,Paʻuwela,"Based on an October 2025 meeting with the Maui County Department of Environmental Management, this area is low density and potentially suited only for decentralized or on-site systems
See relevant document(s) below.",No Active Plans (N),https://go.hawaii.edu/mCw,,,East Haiku,Maui,0,0,108,108,No,,,,4104,48600,(5) - $$$$$,11558,5280,Y,N,1,1
M-14,Pukalani,"The surrounding area is served by a private system (Hawaiʻi Water Service). Maui County is not involved. Private package plant, there is likely a limited incentive to expand service area.
See relevant document(s) below.",No Active Plans (N),https://go.hawaii.edu/mCw,,,Pukalani,Maui,0,0,1207,1207,"Yes, Private",No,Pukalani WWTP,,45866,543150,(4) - $$$$,116827,5280,N,Y,17,6
M-15,Makawao,"Based on an October 2025 meeting with the Maui County Department of Environmental Management, the county did a rough study ~6–7 yrs ago ($300–400 M, now likely double) $600M+, not published.
See relevant document(s) below.",No Active Plans (N),https://go.hawaii.edu/mCw,,,Makawao,Maui,0,0,1802,1802,"Yes, Private",No,Pukalani WWTP,,68476,810900,(3) - $$$,113355,7872,N,Y,22,8
M-2,Old Wailuku Heights,"Based on a March 2026 meeting with the Maui County Department of Environmental Management, this project area is under evaluation and is in the CIP 5+ years from now, however, steep slope and terrain conditions may pose challenges. A Maui County study will be conducted to determine additional capacity at the Wailuku-Kahului WWTP. A Central Maui Wastewater Reclamation Facility is also planned.
See relevant document(s) below.",Under Evaluation (E),https://go.hawaii.edu/mCw,https://go.hawaii.edu/iXi,,Kamaile St.,Maui,0,0,58,58,"Yes, County",No,Wailuku-Kahului,,2204,26100,(3) - $$$,3380,405,N,Y,0,0
M-3,Waihee,"Based on a March 2026 meeting with Maui County Department of Environmental Management, this project area is being looked at by an in-house study. It is not currently in any plan. A Maui County study will be conducted to determine additional capacity at the Wailuku-Kahului WWTP. A Central Maui Wastewater Reclamation Facility is also planned.
See relevant document(s) below.",Under Evaluation (E),https://go.hawaii.edu/mCw,https://go.hawaii.edu/iXi,,Waihee-Waikapu,Maui,0,79,0,79,"Yes, County",No,Wailuku-Kahului,,3002,35550,(3) - $$$,4089,903,N,Y,1,0
M-4,Wahikuli,"Based on a March 2026 meeting with Maui County Department of Environmental Management, this project area has been studied through an EPA-funded project, however, the project is not currently funded. The Lahaina WWTP has capacity, however NPDES permit discussions may not allow the connection of more homes at this time.
See relevant document(s) below.",Under Evaluation (E),https://go.hawaii.edu/mCw,,,Kahoma,Maui,212,0,0,212,"Yes, County",Yes,Lahaina WWTP,,8056,95400,(1) - $,10316,90,N,N,0,0
M-5,Pakele Place,"Based on a March 2026 meeting with Maui County Department of Environmental Management, this project area has been identified as a potential area to be connected to county sewer. An in-house study has been conducted. A Maui County study will be conducted to determine additional capacity at the Wailuku-Kahului WWTP. A Central Maui Wastewater Reclamation Facility is also planned.
See relevant document(s) below.",Under Evaluation (E),https://go.hawaii.edu/mCw,https://go.hawaii.edu/iXi,,North Wailuku,Maui,0,7,0,7,"Yes, County",Yes,Wailuku-Kahului,,266,3150,(4) - $$$$,473,250,N,N,1,0
M-6,Waikapu-North,"Based on a March 2026 meeting with the Maui County Department of Environmental Management, the county does not have plans for a project in this area. A Maui County study will be conducted to determine additional capacity at the Wailuku-Kahului WWTP. A Central Maui Wastewater Reclamation Facility is also planned.
See relevant document(s) below.",No Active Plans (N),https://go.hawaii.edu/mCw,https://go.hawaii.edu/iXi,,Waihee-Waikapu,Maui,0,8,0,8,"Yes, County",Yes,Wailuku-Kahului,,304,3600,(3) - $$$,857,169,N,N,0,0
M-7,Maui Meadows,"Based on a March 2026 meeting with the Maui County Department of Environmental Management, the county is not planning to implement a project in this area. The Kihei WWTP may have some capacity, but vacant properties may be first in line to be connected. 
See relevant document(s) below.",No Active Plans (N),https://go.hawaii.edu/mCw,https://go.hawaii.edu/iXR,,Kula Makai,Maui,0,616,0,616,"Yes, County & Private",Yes,Kihei WWTP,Makena Resort,23408,277200,(3) - $$$,43613,1575,N,N,9,3
M-8,Kula,"The majority of the Makawao-Pukalani-Kula Community Plan area is served by individual cesspools/septic tanks. It is expected that new developments in the Upcountry area, aside from those in Hāli`imaile, will all be served by septic systems as required by the State Department of Health
See relevant document(s) below.",No Active Plans (N),https://go.hawaii.edu/mCw,https://go.hawaii.edu/iXi,,Kula,Maui,0,0,176,176,No,,,,6688,79200,(5) - $$$$$,25501,5280,Y,N,5,2
M-9,ʻŌmaʻopio,"The majority of the Makawao-Pukalani-Kula Community Plan area is served by individual cesspools/septic tanks. It is expected that new developments in the Upcountry area, aside from those in Hāli`imaile, will all be served by septic systems as required by the State Department of Health
See relevant document(s) below.",No Active Plans (N),https://go.hawaii.edu/mCw,https://go.hawaii.edu/iXi,,Kula,Maui,0,0,209,209,No,,,,7942,94050,(4) - $$$$,17845,5280,Y,N,3,1
Mo-1,Puili and Pano Pl,"Based on an October 2025 meeting with the Maui County Department of Environmental Management, topography prevents county sewer expansion to this area. The closest treatment plant - Kaunakakai WWTP is located in a sea level rise zone and may need to be relocated. 
See relevant document(s) below.",No Active Plans (N),https://go.hawaii.edu/mCw,https://go.hawaii.edu/iXK,,East Molokai,Molokai,281,0,0,281,"Yes, County",No,Kaunakakai Wastewater Treatment Plant,,10678,126450,(4) - $$$$,23812,4078,N,Y,1,0
Mo-2,North Kalae Hwy,"Based on an October 2025 meeting with the Maui County Department of Environmental Management, topography prevents county sewer expansion to this area. If connected to the Kualapuu Collection system this area would be treated by the Molokai Ranch Wastewater treatment plant.
See relevant document(s) below.",No Active Plans (N),https://go.hawaii.edu/mCw,https://go.hawaii.edu/iXK,,West Molokai,Molokai,0,0,100,100,"Yes, Private",No,Molokai Ranch WWTP,,3800,45000,(5) - $$$$$,5849,13509,N,Y,3,1
O-1,Waimanalo Beach,"This project area has been identified in the Six-Year CIP and Budget FY 2026-2031. Relevant document (page 224) : https://go.hawaii.edu/m8T. A study for WWTP capacity is underway.
See relevant document(s) below.",Under Evaluation (E),https://go.hawaii.edu/8Xi,,,Waimanalo Bay Beach Park,Oahu,181,0,0,181,"Yes, County",Yes,Waimanalo Wastewater Treatment Plant,,6878,81450,(2) - $$,11985,18,N,N,0,0
O-10,Waianae,"According to a 10/14/25 meeting with Honolulu ENV, only the subdivision along Piliuka Place was identified through the Waianae Wastewater Facilities Plan as being feasible for a County System. The area that is feasible for a county system will be included in the FY 2027 CIP. A study is being conducted to determine if the Waianae WWTP has capacity for additional homes.
See relevant document(s) below.",Under Evaluation (E),https://go.hawaii.edu/aXi,,,Waianae Kai,Oahu,86,102,0,188,"Yes, County",No,Waianae WWTP,,7144,84600,(2) - $$,3270,89,N,Y,1,0
O-11,Ewa Beach,"According to a 10/14/25 meeting with Honolulu ENV, ENV is trying to find a way to proceed with the project by addressing community concerns.
See relevant document(s) below.",Planned or Underway (P),https://go.hawaii.edu/8Xi,,,Keanui Drive-Hoomahana Street,Oahu,886,0,0,886,"Yes, County",Yes,Honouliuli WWTP,,33668,398700,(1) - $,34501,25,N,N,2,1
O-12,Kaimuki,"This project area will be included in the FY 2027 CIP.
See relevant document(s) below.",Under Evaluation (E),https://go.hawaii.edu/iXb,,,Kaimuki: Kapiolani Community College,Oahu,0,0,58,58,"Yes, County",Yes,Sand Island WWTP/Synagro,,2204,26100,(1) - $,1884,79,N,N,1,0
O-13,Diamond head - West,"According to a 10/14/25 meeting with Honolulu ENV, Project Planning funds are included in Fiscal Year 2025 CIP Budget.  Project title ""Diamond Head Sewers, Improvement District"".  Planning contract in process. Relevant document: https://go.hawaii.edu/m8T
See relevant document(s) below.",Under Evaluation (E),https://go.hawaii.edu/8Xi,,,Kapiolani Park,Oahu,25,0,0,25,"Yes, County",Yes,Sand Island WWTP/Synagro,,950,11250,(4) - $$$$,3593,226,N,N,2,0
O-14,Diamond head - East,"According to a 10/14/25 meeting with Honolulu ENV, Project Planning funds are included in Fiscal Year 2025 CIP Budget.  Project title ""Diamond Head Sewers, Improvement District"".  Planning contract in process. Relevant document: https://go.hawaii.edu/m8T
See relevant document(s) below.",Under Evaluation (E),https://go.hawaii.edu/8Xi,,,Diamond Head,Oahu,0,139,0,139,"Yes, County",Yes,Sand Island WWTP/Synagro,,5282,62550,(3) - $$$,9952,131,N,N,6,2
O-15,Tantalus,"According to a 10/14/25 meeting with Honolulu ENV, an LPSS system is possible but it is very costly so the City will most likely not execute a project in this area unless other regulatory demands on the CIP budget are relaxed.
See relevant document(s) below.",No Active Plans (N),https://go.hawaii.edu/iXb,,,Judd Hillside-Lowrey Avenue,Oahu,74,119,0,193,"Yes, County",Yes,Sand Island WWTP/Synagro,,7334,86850,(4) - $$$$,28345,154,N,N,1,1
O-16,Aiea Heights,"According to a 5/15/25 meeting with Honolulu ENV, City Council was reviewing the budget for upcoming fiscal year. The project is dependent on future appropriations. The project area is shown in Fiscal Year 2025 CIP Budget to start in a future year. Relevant document: https://go.hawaii.edu/m8T
See relevant document(s) below.",Under Evaluation (E),https://go.hawaii.edu/8Xi,,,Aiea Heights,Oahu,0,102,0,102,"Yes, County",Yes,Sand Island WWTP/Synagro,,3876,45900,(3) - $$$,6562,1253,N,N,3,1
O-17,Kahaluu - Kamehameha HWY,"According to a 10/14/25 meeting with Honolulu ENV, Project Planning funds for this project area are included in the Fiscal Year 2024 CIP Budget.  Project title ""Kamehameha Highway Sewers, Improvement District, Kane'ohe"".  Planning contract underway. Relevant document: https://go.hawaii.edu/m8T
See relevant document(s) below.",Under Evaluation (E),https://go.hawaii.edu/8Xi,,,Ahuimanu,Oahu,0,0,20,20,"Yes, County",Yes,Kailua,,760,9000,(2) - $$,1455,6,N,N,0,0
O-18,Kaaawa,"According to a 10/14/25 meeting with Honolulu ENV, this project area is too far away from a City & County of Honolulu system.
See relevant document(s) below.",No Active Plans (N),https://go.hawaii.edu/nXi,,,Kaaawa,Oahu,144,0,0,144,No,,,,5472,64800,(5) - $$$$$,20731,5280,Y,N,0,0
O-19,Hauula,"According to a 10/14/25 meeting with Honolulu ENV, this project area is too far away from a City & County of Honolulu system.
See relevant document(s) below.",No Active Plans (N),https://go.hawaii.edu/nXi,,,Hauula,Oahu,63,0,0,63,No,,,,2394,28350,(4) - $$$$,3214,5280,Y,N,0,0
O-2,Kailua,"This project area has been identified in the Six-Year CIP and Budget FY 2026-2031. Relevant document (page 222) : https://go.hawaii.edu/m8T
See relevant document(s) below.",Under Evaluation (E),https://go.hawaii.edu/8Xi,,,Kalaheo Avenue,Oahu,127,0,0,127,"Yes, County",Yes,Kailua,,4826,57150,(2) - $$,9906,1059,N,N,0,0
O-20,Pupukea,"According to a 10/14/25 meeting with Honolulu ENV, this project area is too far away from a City & County of Honolulu system.
See relevant document(s) below.",No Active Plans (N),https://go.hawaii.edu/iXF,,,Sunset Beach,Oahu,425,0,0,425,No,,,,16150,191250,(4) - $$$$,49514,5280,Y,N,8,3
O-21,Kawailoa,"According to a 10/14/25 meeting with Honolulu ENV, this project area is too far away from a City & County of Honolulu system.
See relevant document(s) below.",No Active Plans (N),https://go.hawaii.edu/iXF,,,Kawailoa,Oahu,70,0,0,70,No,,,,2660,31500,(4) - $$$$,3253,5280,Y,N,1,0
O-22,Waianae Hawaiian Homeland,"DHHL sewer connections are identified as a coordination need in the Waiʻanae Sustainable Communities Plan, but no active sewer project is documented.
See relevant document(s) below.",No Active Plans (N),https://github.com/cshuler/WW_Overlay_2024/blob/main/Document_Archive/Planning_Documents/Oahu_County/UID81_WaianaeSust_Communities_Plan_2012.pdf,,, Lualualei-Camp Waianae,Oahu,0,99,0,99,"Yes, County",No,Waianae WWTP,,3762,44550,(4) - $$$$,11772,6,N,Y,1,0
O-3,Ahuimanu,"Project Planning funds included in the Fiscal Year 2025 CIP Budget.  Project title ""Kahaluu Sewers, Section 3, Improvement District"".  Planning contract in process.
See relevant document(s) below.",Under Evaluation (E),https://go.hawaii.edu/8Xi,,,Kahaluu-Waikane,Oahu,0,101,31,132,"Yes, County",Yes,Kailua,,5016,59400,(3) - $$$,12671,112,N,N,2,1
O-4,Kahaluu,"According to a 10/14/25 meeting with Honolulu ENV, Project Planning funds are included in the Fiscal Year 2025 CIP Budget.  Project title ""Kahaluu Sewers, Section 3, Improvement District"". A planning contract is in process.  Northward expansion may be limited. 
See relevant document(s) below.",Under Evaluation (E),https://go.hawaii.edu/8Xi,https://go.hawaii.edu/m8T,,Kahaluu-Waikane,Oahu,0,224,0,224,"Yes, County",Yes,Kailua,,8512,100800,(3) - $$$,23830,1493,N,N,5,2
O-5,North Hauula,"According to a 10/14/25 meeting with Honolulu ENV, this project area is too far away from a City & County of Honolulu system.
See relevant document(s) below.",No Active Plans (N),https://go.hawaii.edu/nXi,,,Laie,Oahu,360,0,0,360,"Yes, Private",Unknown,Laie WWTP (BYU-Hawaii),,13680,162000,(4) - $$$$,30581,9713,N,Y,2,1
O-6,Waialua and Haleiwa,"According to a 10/14/25 meeting with Honolulu ENV, this area is under review through the ""Paalaa Kai Wastewater Facilities Plan"". It has not been determined if a County System is feasible. Therefore, a Private System may be needed.
See relevant document(s) below.",Under Evaluation (E),https://go.hawaii.edu/iXF,,,Haleiwa,Oahu,181,0,0,181,"Yes, County",No,Paalaa Kai WWTP,,6878,81450,(4) - $$$$,12877,6045,N,Y,1,0
O-7,Waialua,"According to a 10/14/25 meeting with Honolulu ENV, this area is under review through the ""Paalaa Kai Wastewater Facilities Plan"". It has not been determined if a County System is feasible. Therefore, a Private System may be needed.
See relevant document(s) below.",Under Evaluation (E),https://go.hawaii.edu/iXF,,,Waialua District Park,Oahu,335,0,0,335,"Yes, County",No,Paalaa Kai WWTP,,12730,150750,(4) - $$$$,39005,7661,N,Y,3,1
O-8,Mokuleia,"According to a 10/14/25 meeting with Honolulu ENV, this area is under review through the ""Paalaa Kai Wastewater Facilities Plan"". It has not been determined if a County System is feasible. Therefore, a Private System may be needed.
See relevant document(s) below.",Under Evaluation (E),https://go.hawaii.edu/iXF,,,Mokuleia,Oahu,396,0,0,396,"Yes, County",No,Paalaa Kai WWTP,,15048,178200,(4) - $$$$,33560,6050,N,Y,0,0
O-9,Makaha,"This project area will be in the FY 2027 CIP.
See relevant document(s) below.",Under Evaluation (E),https://go.hawaii.edu/aXi,,,Makua Valley,Oahu,77,0,0,77,"Yes, County",No,Waianae WWTP,,2926,34650,(4) - $$$$,6905,2404,N,Y,0,0
M-16,Waikapu-South,"This area was removed from project area M-1, and identified by Maui County DEM in email communication as separate but potential future project under evaluation that could be constructed after the new Central Maui plant is constructed, estimated to be completed in 2031.",Under Evaluation (E),https://go.hawaii.edu/mCw,https://go.hawaii.edu/iXi,,Waihee-Waikapu,Maui,0,36,0,36,"Yes, County",No,Wailuku-Kahului,,1368,16200,(2) - $$,2406,45,N,N,0,0